{"coords": [[299.0, 231.0], [794.0, 226.0], [795.0, 301.0], [300.0, 307.0]], "contents": "《演讲的力量》", "confidence": 0.9950016140937805}
{"coords": [[192.0, 343.0], [1501.0, 322.0], [1502.0, 391.0], [193.0, 412.0]], "contents": "任何一个人，只要拥有值得分享的思想，就能", "confidence": 0.9808559417724609}
{"coords": [[106.0, 440.0], [1492.0, 420.0], [1493.0, 494.0], [107.0, 514.0]], "contents": "发表精彩的演讲，在公共演讲中，唯一真正重要的", "confidence": 0.9823236465454102}
{"coords": [[117.0, 535.0], [1515.0, 520.0], [1516.0, 596.0], [118.0, 610.0]], "contents": "东西不是自信，不是舞台展示，也不是流利的语言", "confidence": 0.9809545874595642}
{"coords": [[131.0, 638.0], [714.0, 636.0], [714.0, 702.0], [131.0, 703.0]], "contents": "而是有价值的思想", "confidence": 0.9595499038696289}
{"coords": [[949.0, 712.0], [1458.0, 712.0], [1458.0, 802.0], [949.0, 802.0]], "contents": "——克里斯·安德森", "confidence": 0.9532719850540161}
