{"coords": [[21.0, 117.0], [705.0, 52.0], [711.0, 114.0], [27.0, 178.0]], "contents": "先生说写诗要有起承转合", "confidence": 0.9698997139930725}
{"coords": [[33.0, 204.0], [684.0, 126.0], [694.0, 205.0], [43.0, 282.0]], "contents": "我望向窗外的花影摇曳", "confidence": 0.9884293675422668}
{"coords": [[49.0, 312.0], [680.0, 229.0], [689.0, 297.0], [58.0, 381.0]], "contents": "却写下了你，你，你，你", "confidence": 0.9922130107879639}
