{"coords": [[285.0, 116.0], [686.0, 116.0], [686.0, 144.0], [285.0, 144.0]], "contents": "《数据结构》期末考试试题及答案2", "confidence": 0.9984402656555176}
{"coords": [[220.0, 177.0], [482.0, 177.0], [482.0, 196.0], [220.0, 196.0]], "contents": "单选题（每小题2分，共8分）", "confidence": 0.998359203338623}
{"coords": [[146.0, 215.0], [811.0, 215.0], [811.0, 234.0], [146.0, 234.0]], "contents": "1、在一个长度为n的顺序线性表中顺序查找值为x的元素时，查找成功时的平", "confidence": 0.9988511204719543}
{"coords": [[146.0, 250.0], [792.0, 250.0], [792.0, 270.0], [146.0, 270.0]], "contents": "均查找长度（即x与元素的平均比较次数，假定查找每个元素的概率都相等）", "confidence": 0.9941027164459229}
{"coords": [[142.0, 285.0], [227.0, 288.0], [226.0, 314.0], [141.0, 310.0]], "contents": "为（)", "confidence": 0.7736384272575378}
{"coords": [[178.0, 325.0], [233.0, 325.0], [233.0, 350.0], [178.0, 350.0]], "contents": "An", "confidence": 0.9971423745155334}
{"coords": [[311.0, 324.0], [335.0, 328.0], [331.0, 347.0], [307.0, 342.0]], "contents": "B", "confidence": 0.9991531372070312}
{"coords": [[351.0, 328.0], [381.0, 328.0], [381.0, 345.0], [351.0, 345.0]], "contents": "n/2", "confidence": 0.9900434017181396}
{"coords": [[447.0, 328.0], [467.0, 328.0], [467.0, 345.0], [447.0, 345.0]], "contents": "C", "confidence": 0.9487919211387634}
{"coords": [[487.0, 326.0], [549.0, 326.0], [549.0, 347.0], [487.0, 347.0]], "contents": "(n+1)/2", "confidence": 0.9988307356834412}
{"coords": [[614.0, 328.0], [634.0, 328.0], [634.0, 346.0], [614.0, 346.0]], "contents": "D", "confidence": 0.9989374279975891}
{"coords": [[654.0, 326.0], [714.0, 326.0], [714.0, 347.0], [654.0, 347.0]], "contents": "(n-1)/2", "confidence": 0.9875041246414185}
{"coords": [[143.0, 359.0], [803.0, 359.0], [803.0, 383.0], [143.0, 383.0]], "contents": "2、在一个单链表中,若q所指结点是p所指结点的前驱结点,若在q与p之间插", "confidence": 0.9798660278320312}
{"coords": [[144.0, 395.0], [422.0, 397.0], [422.0, 421.0], [144.0, 419.0]], "contents": "入一个s所指的结点,则执行（)。", "confidence": 0.9551148414611816}
{"coords": [[171.0, 438.0], [347.0, 438.0], [347.0, 462.0], [171.0, 462.0]], "contents": "A s→link=p→link;", "confidence": 0.9605323672294617}
{"coords": [[334.0, 438.0], [453.0, 435.0], [454.0, 459.0], [334.0, 462.0]], "contents": ";p→link=s;", "confidence": 0.9357197880744934}
{"coords": [[515.0, 438.0], [641.0, 438.0], [641.0, 462.0], [515.0, 462.0]], "contents": "B p→link=s;", "confidence": 0.961490273475647}
{"coords": [[654.0, 436.0], [747.0, 439.0], [746.0, 461.0], [653.0, 457.0]], "contents": "s→link=q;", "confidence": 0.9544959664344788}
{"coords": [[171.0, 479.0], [342.0, 479.0], [342.0, 499.0], [171.0, 499.0]], "contents": "Cp→link=s→link;", "confidence": 0.9845209717750549}
{"coords": [[359.0, 474.0], [453.0, 478.0], [452.0, 502.0], [358.0, 498.0]], "contents": "s→link=p;", "confidence": 0.9906497597694397}
{"coords": [[512.0, 476.0], [748.0, 477.0], [748.0, 501.0], [512.0, 500.0]], "contents": "Dq →link=s; s→link=p;", "confidence": 0.9539661407470703}
{"coords": [[143.0, 516.0], [166.0, 516.0], [166.0, 533.0], [143.0, 533.0]], "contents": "3、", "confidence": 0.9819914698600769}
{"coords": [[191.0, 511.0], [482.0, 511.0], [482.0, 535.0], [191.0, 535.0]], "contents": "栈的插入和删除操作在（）进行。", "confidence": 0.9990141987800598}
{"coords": [[183.0, 552.0], [203.0, 552.0], [203.0, 572.0], [183.0, 572.0]], "contents": "A", "confidence": 0.9990729093551636}
{"coords": [[213.0, 549.0], [260.0, 549.0], [260.0, 573.0], [213.0, 573.0]], "contents": "栈顶", "confidence": 0.9977504014968872}
{"coords": [[308.0, 551.0], [341.0, 551.0], [341.0, 572.0], [308.0, 572.0]], "contents": "B", "confidence": 0.9988675117492676}
{"coords": [[338.0, 548.0], [388.0, 548.0], [388.0, 573.0], [338.0, 573.0]], "contents": "栈底", "confidence": 0.999403715133667}
{"coords": [[440.0, 552.0], [460.0, 552.0], [460.0, 571.0], [440.0, 571.0]], "contents": "C", "confidence": 0.8757912516593933}
{"coords": [[482.0, 549.0], [565.0, 549.0], [565.0, 573.0], [482.0, 573.0]], "contents": "任意位置", "confidence": 0.9999860525131226}
{"coords": [[605.0, 549.0], [722.0, 549.0], [722.0, 573.0], [605.0, 573.0]], "contents": "D指定位置", "confidence": 0.9998413324356079}
{"coords": [[143.0, 590.0], [164.0, 590.0], [164.0, 609.0], [143.0, 609.0]], "contents": "4、", "confidence": 0.8583295345306396}
{"coords": [[204.0, 586.0], [816.0, 586.0], [816.0, 610.0], [204.0, 610.0]], "contents": "由权值分别为11，8，6，2，5的叶子结点生成一棵哈夫曼树，它的带权", "confidence": 0.9990500211715698}
{"coords": [[143.0, 624.0], [267.0, 624.0], [267.0, 648.0], [143.0, 648.0]], "contents": "路径长度为（", "confidence": 0.9998155236244202}
{"coords": [[278.0, 630.0], [291.0, 630.0], [291.0, 643.0], [278.0, 643.0]], "contents": "）", "confidence": 0.5495165586471558}
{"coords": [[187.0, 665.0], [208.0, 665.0], [208.0, 682.0], [187.0, 682.0]], "contents": "A", "confidence": 0.9989221096038818}
{"coords": [[218.0, 662.0], [243.0, 662.0], [243.0, 682.0], [218.0, 682.0]], "contents": "24", "confidence": 0.9998488426208496}
{"coords": [[315.0, 662.0], [340.0, 662.0], [340.0, 682.0], [315.0, 682.0]], "contents": "B", "confidence": 0.9996572732925415}
{"coords": [[335.0, 662.0], [372.0, 662.0], [372.0, 684.0], [335.0, 684.0]], "contents": "71", "confidence": 0.9996129274368286}
{"coords": [[445.0, 664.0], [464.0, 664.0], [464.0, 682.0], [445.0, 682.0]], "contents": "C", "confidence": 0.88700270652771}
{"coords": [[487.0, 664.0], [509.0, 664.0], [509.0, 682.0], [487.0, 682.0]], "contents": "48", "confidence": 0.9992252588272095}
{"coords": [[609.0, 660.0], [672.0, 660.0], [672.0, 685.0], [609.0, 685.0]], "contents": "D53", "confidence": 0.9996210932731628}
{"coords": [[217.0, 727.0], [472.0, 727.0], [472.0, 751.0], [217.0, 751.0]], "contents": "填空题(每空1分，共32分)", "confidence": 0.958374559879303}
{"coords": [[174.0, 766.0], [404.0, 764.0], [404.0, 790.0], [174.0, 791.0]], "contents": "1、数据的逻辑结构被分为", "confidence": 0.9999661445617676}
{"coords": [[795.0, 767.0], [816.0, 767.0], [816.0, 788.0], [795.0, 788.0]], "contents": "和", "confidence": 0.9999685287475586}
{"coords": [[253.0, 804.0], [307.0, 804.0], [307.0, 829.0], [253.0, 829.0]], "contents": "四种。", "confidence": 0.9999718070030212}
{"coords": [[177.0, 843.0], [402.0, 843.0], [402.0, 863.0], [177.0, 863.0]], "contents": "2、一种抽象数据类型包括", "confidence": 0.9998962879180908}
{"coords": [[537.0, 843.0], [557.0, 843.0], [557.0, 862.0], [537.0, 862.0]], "contents": "和", "confidence": 0.9999613761901855}
{"coords": [[677.0, 839.0], [767.0, 842.0], [766.0, 868.0], [676.0, 864.0]], "contents": "两个部分。", "confidence": 0.9999071359634399}
{"coords": [[174.0, 877.0], [806.0, 877.0], [806.0, 905.0], [174.0, 905.0]], "contents": "3、在下面的数组a中链接存储着一个线性表，表头指针为 a[o].next，则该", "confidence": 0.9802019000053406}
{"coords": [[176.0, 915.0], [260.0, 915.0], [260.0, 941.0], [176.0, 941.0]], "contents": "线性表为", "confidence": 0.9999768733978271}
{"coords": [[218.0, 956.0], [237.0, 956.0], [237.0, 975.0], [218.0, 975.0]], "contents": "0", "confidence": 0.9849152565002441}
{"coords": [[278.0, 958.0], [293.0, 958.0], [293.0, 973.0], [278.0, 973.0]], "contents": "1", "confidence": 0.9986321330070496}
{"coords": [[344.0, 953.0], [362.0, 953.0], [362.0, 976.0], [344.0, 976.0]], "contents": "2", "confidence": 0.9997785687446594}
{"coords": [[412.0, 955.0], [430.0, 955.0], [430.0, 975.0], [412.0, 975.0]], "contents": "3", "confidence": 0.9994208812713623}
{"coords": [[471.0, 956.0], [485.0, 956.0], [485.0, 972.0], [471.0, 972.0]], "contents": "4", "confidence": 0.9999428987503052}
{"coords": [[528.0, 955.0], [545.0, 955.0], [545.0, 975.0], [528.0, 975.0]], "contents": "5", "confidence": 0.9994358420372009}
{"coords": [[588.0, 952.0], [605.0, 956.0], [600.0, 976.0], [583.0, 972.0]], "contents": "6", "confidence": 0.998656153678894}
{"coords": [[644.0, 955.0], [662.0, 955.0], [662.0, 975.0], [644.0, 975.0]], "contents": "7", "confidence": 0.9983620047569275}
{"coords": [[702.0, 955.0], [719.0, 955.0], [719.0, 975.0], [702.0, 975.0]], "contents": "8",